Job_Role,Skills
Cloud Architect,"Python, Cloud Computing, Automation, AWS, Docker, Kubernetes, Terraform"
DevOps Engineer,"Python, Automation, Jenkins, Kubernetes, Docker, AWS, CI/CD"
Data Scientist,"Python, Machine Learning, Statistics, SQL, R, TensorFlow, Pandas"
Data Engineer,"Python, SQL, Cloud Computing, ETL, Apache Spark, Hadoop, Airflow"
Backend Developer,"Python, Java, Node.js, SQL, APIs, Django, Spring Boot"
Frontend Developer,"JavaScript, React, HTML, CSS, Vue.js, Angular, TypeScript"
Full Stack Developer,"JavaScript, React, Node.js, HTML, CSS, SQL, MongoDB, Express"
Mobile Developer,"Android, iOS, Kotlin, Swift, React Native, Flutter, Java"
AI/ML Engineer,"Python, Machine Learning, Deep Learning, TensorFlow, PyTorch, NLP"
Cybersecurity Analyst,"Network Security, Python, Ethical Hacking, Firewalls, SIEM, Cryptography"
Database Administrator,"SQL, Oracle, MySQL, PostgreSQL, MongoDB, Database Tuning, Backup"
Cloud Engineer,"AWS, Azure, GCP, Docker, Kubernetes, Cloud Computing, Terraform, Linux"
Software Tester,"Selenium, Python, Java, Manual Testing, Automation, CI/CD, JIRA"
DevSecOps,"Python, AWS, Docker, Kubernetes, Security, Jenkins, CI/CD, Automation"
Solutions Architect,"Cloud Computing, AWS, Azure, GCP, Enterprise Architecture, DevOps"
Site Reliability Engineer,"Python, AWS, Kubernetes, Linux, Monitoring, CI/CD, Automation"
